"task_id","created_date","status_changed_date","target_date","days_remaining_at_change"
"T132607.72","2020-08-27","2020-08-27","2020-09-02",6
"T141007.20","2020-08-21","2020-08-21","2020-08-27",6
"T141007.23","2020-08-21","2020-08-21","2020-08-27",6
"T141007.22","2020-08-21","2020-08-21","2020-08-27",6
"T141007.21","2020-08-21","2020-09-10","2020-08-27",-14
"T141007.18","2020-08-21","2020-08-21","2020-08-27",6
"T132607.14","2020-07-03","2020-07-17","2020-07-09",-8
"T132578.16","2020-06-17","2020-07-17","2020-06-23",-24
"T1.21324984","2020-03-10","2020-09-10","2020-03-17",-177
"T116412.182","2020-09-08","2020-09-10","2020-09-14",4
"T116412.181","2020-09-07","2020-09-07","2020-09-13",6
"T84104.964","2020-09-07","2020-09-10","2020-09-13",3
"T116412.179","2020-09-03","2020-09-03","2020-09-09",6
"T116412.178","2020-09-03","2020-09-03","2020-09-09",6
"T116412.177","2020-09-03","2020-09-09","2020-09-09",0
"T113721.78","2020-09-03","2020-09-03","2020-09-09",6
"T116412.176","2020-09-03","2020-09-10","2020-09-09",-1
"T113721.77","2020-09-03","2020-09-03","2020-09-09",6
"T116412.175","2020-09-03","2020-09-10","2020-09-09",-1
"T116412.174","2020-09-03","2020-09-03","2020-09-09",6
"T113721.76","2020-09-03","2020-09-03","2020-09-09",6
"T113721.75","2020-09-03","2020-09-03","2020-09-09",6
"T116412.173","2020-09-03","2020-09-10","2020-09-09",-1
"T113721.74","2020-09-03","2020-09-03","2020-09-09",6
"T116412.172","2020-09-03","2020-09-10","2020-09-09",-1
"T116412.171","2020-09-03","2020-09-10","2020-09-09",-1
"T113721.73","2020-09-03","2020-09-03","2020-09-09",6
"T116412.170","2020-09-03","2020-09-10","2020-09-09",-1
"T113721.72","2020-09-03","2020-09-03","2020-09-09",6
"T116412.169","2020-09-03","2020-09-10","2020-09-09",-1
"T116412.168","2020-09-03","2020-09-10","2020-09-09",-1
"T124296.79","2020-09-02","2020-09-02","2020-09-08",6
"T1.23723958","2020-09-01","2020-09-01","2020-09-10",9
"T116412.153","2020-09-01","2020-09-01","2020-09-07",6
"T113721.71","2020-09-01","2020-09-01","2020-09-07",6
"T116412.152","2020-09-01","2020-09-01","2020-09-07",6
"T116412.151","2020-09-01","2020-09-10","2020-09-07",-3
"T116412.150","2020-09-01","2020-09-10","2020-09-07",-3
"T113721.70","2020-09-01","2020-09-01","2020-09-07",6
"T113721.69","2020-09-01","2020-09-01","2020-09-07",6
"T116412.149","2020-09-01","2020-09-10","2020-09-07",-3
"T113721.68","2020-09-01","2020-09-01","2020-09-07",6
"T116412.148","2020-09-01","2020-09-10","2020-09-07",-3
"T113721.67","2020-09-01","2020-09-01","2020-09-07",6
"T113721.66","2020-09-01","2020-09-01","2020-09-07",6
"T116412.146","2020-09-01","2020-09-10","2020-09-07",-3
"T116412.145","2020-09-01","2020-09-10","2020-09-07",-3
"T116412.144","2020-09-01","2020-09-10","2020-09-07",-3
"T116412.143","2020-09-01","2020-09-10","2020-09-07",-3
"T113721.65","2020-09-01","2020-09-01","2020-09-07",6
"T142843.1","2020-09-01","2020-09-01","2020-09-07",6
"T119055.92","2020-08-27","2020-08-27","2020-09-02",6
"T116412.142","2020-08-27","2020-08-27","2020-09-02",6
"T116412.141","2020-08-27","2020-08-27","2020-09-02",6
"T1.23668625","2020-08-26","2020-08-26","2020-09-01",6
"T1.23668510","2020-08-26","2020-08-26","2020-09-01",6
"T1.23668257","2020-08-26","2020-09-03","2020-09-01",-2
"T1.23668250","2020-08-26","2020-09-10","2020-09-01",-9
"T1.23668243","2020-08-26","2020-09-10","2020-09-01",-9
"T116412.140","2020-08-25","2020-09-10","2020-08-31",-10
"T116412.139","2020-08-25","2020-09-10","2020-08-31",-10
"T118994.32","2020-08-25","2020-08-25","2020-08-31",6
"T118994.31","2020-08-25","2020-08-25","2020-08-31",6
"T141007.27","2020-08-21","2020-08-21","2020-08-27",6
"T141007.26","2020-08-21","2020-09-10","2020-08-27",-14
"T141007.25","2020-08-21","2020-09-10","2020-08-27",-14
"T141007.24","2020-08-21","2020-08-21","2020-08-27",6
"T116412.134","2020-08-20","2020-08-20","2020-08-26",6
"T116412.133","2020-08-19","2020-08-19","2020-08-25",6
"T116412.132","2020-08-12","2020-08-12","2020-08-18",6
"T116412.124","2020-07-09","2020-07-09","2020-07-15",6
"T122196.120","2020-07-02","2020-07-03","2020-07-08",5
"T1.22631624","2020-07-02","2020-07-02","2020-07-01",-1
"T131475.63","2020-07-02","2020-07-02","2020-07-08",6
"T131475.62","2020-07-02","2020-07-02","2020-07-08",6
"T131475.61","2020-07-02","2020-07-02","2020-07-08",6
"T131475.60","2020-07-02","2020-07-02","2020-07-08",6
"T131475.59","2020-07-02","2020-07-02","2020-07-08",6
"T131475.58","2020-07-02","2020-07-02","2020-07-08",6
"T131475.57","2020-07-02","2020-07-02","2020-07-08",6
"T131475.56","2020-07-02","2020-07-02","2020-07-08",6
"T131475.55","2020-07-02","2020-07-02","2020-07-08",6
"T131475.54","2020-07-02","2020-07-02","2020-07-08",6
"T131475.53","2020-07-02","2020-07-02","2020-07-08",6
"T131475.52","2020-07-02","2020-07-02","2020-07-08",6
"T131475.51","2020-07-02","2020-07-02","2020-07-08",6
"T131475.50","2020-07-02","2020-07-02","2020-07-08",6
"T131475.49","2020-07-02","2020-07-02","2020-07-08",6
"T131475.48","2020-07-02","2020-07-02","2020-07-08",6
"T131475.47","2020-07-02","2020-07-02","2020-07-08",6
"T131475.46","2020-07-02","2020-07-02","2020-07-08",6
"T131475.45","2020-07-02","2020-07-02","2020-07-08",6
"T131475.44","2020-07-02","2020-07-02","2020-07-08",6
"T131475.43","2020-07-02","2020-07-02","2020-07-08",6
"T131475.42","2020-07-02","2020-07-02","2020-07-08",6
"T131475.41","2020-07-02","2020-07-02","2020-07-08",6
"T131475.40","2020-07-02","2020-07-02","2020-07-08",6
"T131475.39","2020-07-02","2020-07-02","2020-07-08",6
"T124296.58","2020-06-26","2020-09-10","2020-07-02",-70
"T124296.51","2020-06-26","2020-09-10","2020-07-02",-70
"T124296.49","2020-06-26","2020-06-26","2020-07-02",6
"T118318.149","2020-06-24","2020-09-09","2020-06-30",-71
"T119055.70","2020-06-23","2020-09-09","2020-06-29",-72
"T118982.13","2020-06-23","2020-06-23","2020-06-29",6
"T129620.32","2020-06-22","2020-06-22","2020-06-28",6
"T129620.31","2020-06-22","2020-06-22","2020-06-28",6
"T129620.30","2020-06-22","2020-06-22","2020-06-28",6
"T116412.101","2020-06-18","2020-06-18","2020-06-24",6
"T116412.100","2020-06-18","2020-06-18","2020-06-24",6
"T118318.131","2020-06-17","2020-06-17","2020-06-23",6
"T119055.22","2020-06-16","2020-09-09","2020-06-22",-79
"T116412.98","2020-06-15","2020-06-15","2020-06-21",6
"T118318.108","2020-06-11","2020-06-11","2020-06-17",6
"T74906.107","2020-06-10","2020-06-10","2020-06-11",1
"T74906.106","2020-06-10","2020-06-10","2020-06-11",1
"T74906.105","2020-06-10","2020-06-10","2020-06-11",1
"T74906.104","2020-06-10","2020-06-10","2020-06-11",1
"T118318.104","2020-06-10","2020-06-10","2020-06-16",6
"T118318.100","2020-06-10","2020-06-10","2020-06-16",6
"T116412.91","2020-06-05","2020-06-05","2020-06-11",6
"T116412.90","2020-06-05","2020-06-12","2020-06-11",-1
"T116412.89","2020-06-05","2020-06-12","2020-06-11",-1
"T1.22129689","2020-06-04","2020-09-10","2020-06-10",-92
"T1.22129670","2020-06-04","2020-06-04","2020-06-10",6
"T116412.87","2020-06-03","2020-06-04","2020-06-09",5
"T122196.77","2020-06-03","2020-09-10","2020-06-09",-93
"T122196.76","2020-06-03","2020-06-13","2020-06-09",-4
"T122196.75","2020-06-03","2020-06-13","2020-06-09",-4
"T122196.74","2020-06-03","2020-09-10","2020-06-09",-93
"T122196.73","2020-06-03","2020-09-10","2020-06-09",-93
"T130919.14","2020-06-03","2020-06-03","2020-06-09",6
"T130919.13","2020-06-03","2020-06-03","2020-06-09",6
"T130919.11","2020-06-03","2020-06-03","2020-06-09",6
"T130919.10","2020-06-03","2020-06-03","2020-06-09",6
"T130919.9","2020-06-03","2020-06-03","2020-06-09",6
"T130919.8","2020-06-03","2020-06-03","2020-06-09",6
"T130919.7","2020-06-03","2020-09-01","2020-06-09",-84
"T130919.6","2020-06-03","2020-09-01","2020-06-09",-84
"T130919.5","2020-06-03","2020-06-03","2020-06-09",6
"T130919.4","2020-06-03","2020-06-03","2020-06-09",6
"T130919.3","2020-06-03","2020-06-03","2020-06-09",6
"T130919.1","2020-06-03","2020-06-03","2020-06-09",6
"T124296.24","2020-05-28","2020-05-28","2020-06-03",6
"T124296.23","2020-05-28","2020-05-28","2020-06-03",6
"T124296.19","2020-05-28","2020-05-28","2020-06-03",6
"T124296.18","2020-05-28","2020-05-28","2020-06-03",6
"T124296.7","2020-05-28","2020-05-28","2020-06-03",6
"T124296.6","2020-05-28","2020-05-28","2020-06-03",6
"T126688.7","2020-04-01","2020-04-01","2020-04-07",6
"T126688.3","2020-04-01","2020-09-09","2020-04-07",-155
"T126688.1","2020-04-01","2020-04-01","2020-04-07",6
"T118994.22","2020-03-26","2020-03-26","2020-04-01",6
"T118994.19","2020-03-26","2020-06-10","2020-04-01",-70
"T118994.16","2020-03-26","2020-03-26","2020-04-01",6
"T118994.13","2020-03-26","2020-03-26","2020-04-01",6
"T118994.11","2020-03-26","2020-03-26","2020-04-01",6
"T118994.7","2020-03-26","2020-03-26","2020-04-01",6
"T118994.6","2020-03-26","2020-03-26","2020-04-01",6
"T118994.5","2020-03-26","2020-03-26","2020-04-01",6
"T118994.4","2020-03-26","2020-03-26","2020-04-01",6
"T118994.3","2020-03-26","2020-03-26","2020-04-01",6
"T118994.2","2020-03-26","2020-03-26","2020-04-01",6
"T119055.5","2020-03-25","2020-03-25","2020-03-31",6
"T122196.22","2020-03-18","2020-04-29","2020-03-25",-35
"T116412.49","2020-03-04","2020-03-04","2020-03-11",7
"T116412.47","2020-03-02","2020-03-02","2020-03-09",7
"T1.21112005","2020-03-02","2020-03-02","2020-03-11",9
"T118318.38","2020-02-26","2020-03-31","2020-03-04",-27
"T90895.145","2020-02-25","2020-09-10","2020-03-03",-191
"T90895.135","2020-02-25","2020-09-10","2020-03-03",-191
"T90895.133","2020-02-25","2020-09-10","2020-03-03",-191
"T90895.132","2020-02-25","2020-09-10","2020-03-03",-191
"T90895.123","2020-02-25","2020-06-08","2020-03-03",-97
"T116412.46","2020-02-25","2020-02-25","2020-03-03",7
"T116412.43","2020-02-24","2020-02-28","2020-03-02",3
"T90060.64","2020-02-11","2020-02-11","2020-02-18",7
"T117841.4","2020-01-31","2020-06-16","2020-02-07",-130
"T117841.3","2020-01-31","2020-01-31","2020-02-07",7
"T117841.2","2020-01-31","2020-01-31","2020-02-07",7
"T82131.5","2020-01-31","2020-01-31","2020-02-07",7
"T1.20544659","2020-01-31","2020-01-31","2020-02-07",7
"T117841.1","2020-01-31","2020-03-09","2020-02-07",-31
"T82131.4","2020-01-31","2020-01-31","2020-02-07",7
"T76201.574","2020-01-30","2020-06-08","2020-02-13",-116
"T76201.571","2020-01-30","2020-09-10","2020-02-06",-217
"T90060.58","2020-01-28","2020-08-21","2020-02-04",-199
"T1.20116694","2020-01-03","2020-01-03","2020-01-10",7
"T90060.27","2019-12-17","2020-04-24","2019-12-24",-122
"T76201.462","2019-12-05","2019-12-05","2019-12-12",7
"T92999.39","2019-11-19","2020-09-03","2019-11-26",-282
"T1.19169443","2019-11-18","2019-11-18","2019-11-25",7
"T84104.527","2019-11-12","2019-11-12","2019-11-12",0
"T84104.524","2019-11-12","2019-11-12","2019-11-13",1
"T84104.523","2019-11-12","2019-11-12","2019-11-13",1
"T90896.49","2019-10-25","2020-05-01","2019-11-01",-182
"T1.16995753","2019-09-29","2020-01-28","2019-10-05",-115
"T1.16960222","2019-09-24","2020-01-28","2019-09-30",-120
"T1.16886388","2019-09-17","2020-01-28","2019-09-23",-127
"T1.16812791","2019-09-12","2020-01-28","2019-09-18",-132
"T1.16767632","2019-09-10","2019-10-21","2019-09-16",-35
"T1.16644127","2019-09-05","2020-04-27","2019-09-11",-229
"T1.16644126","2019-09-05","2020-01-28","2019-09-11",-139
"T1.16644125","2019-09-05","2020-04-27","2019-09-11",-229
"T1.16643799","2019-09-05","2020-01-28","2019-09-11",-139
"T76201.235","2019-08-28","2019-08-28","2019-09-03",6
"T76201.234","2019-08-28","2019-08-28","2019-09-03",6
"T1.16360340","2019-08-12","2019-08-27","2019-08-25",-2
"T84104.68","2019-07-23","2019-07-23","2019-07-29",6
"T92677.112","2020-09-02","2020-09-02","2020-09-08",6
"T92677.111","2020-09-02","2020-09-02","2020-09-08",6
"T92677.110","2020-09-02","2020-09-02","2020-09-08",6
"T92677.109","2020-09-02","2020-09-02","2020-09-08",6
"T92677.108","2020-09-02","2020-09-02","2020-09-08",6
"T92677.102","2020-08-26","2020-08-26","2020-09-01",6
"T92677.97","2020-08-12","2020-08-12","2020-08-18",6
"T92677.96","2020-08-11","2020-08-11","2020-08-17",6
"T92677.95","2020-08-11","2020-08-11","2020-08-17",6
"T92677.94","2020-08-11","2020-08-11","2020-08-17",6
"T92677.90","2020-08-07","2020-08-07","2020-08-13",6
"T92677.86","2020-07-23","2020-07-23","2020-07-29",6
"T92677.85","2020-07-23","2020-07-23","2020-07-29",6
"T92677.83","2020-07-20","2020-07-20","2020-07-26",6
"T92677.78","2020-07-13","2020-07-13","2020-07-19",6
"T92677.77","2020-07-07","2020-07-07","2020-07-13",6
"T92677.73","2020-06-17","2020-06-17","2020-06-23",6
"T92677.72","2020-06-15","2020-06-15","2020-06-21",6
"T92677.71","2020-06-09","2020-06-09","2020-06-25",16
"T92677.69","2020-06-04","2020-06-04","2020-06-10",6
"T92677.68","2020-06-04","2020-06-04","2020-06-10",6
"T92677.67","2020-05-26","2020-05-26","2020-07-11",46
"T92677.66","2020-05-22","2020-05-22","2020-07-23",62
"T92677.64","2020-05-22","2020-05-22","2020-05-28",6
"T92677.63","2020-05-22","2020-05-22","2020-06-11",20
"T92677.62","2020-05-22","2020-05-22","2020-07-02",41
"T92677.112","2020-09-02","2020-09-02","2020-09-08",6
"T92677.111","2020-09-02","2020-09-02","2020-09-08",6
"T92677.110","2020-09-02","2020-09-02","2020-09-08",6
"T92677.109","2020-09-02","2020-09-02","2020-09-08",6
"T92677.108","2020-09-02","2020-09-02","2020-09-08",6
"T92677.102","2020-08-26","2020-08-26","2020-09-01",6
"T92677.97","2020-08-12","2020-08-12","2020-08-18",6
"T92677.96","2020-08-11","2020-08-11","2020-08-17",6
"T92677.95","2020-08-11","2020-08-11","2020-08-17",6
"T92677.94","2020-08-11","2020-08-11","2020-08-17",6
"T92677.90","2020-08-07","2020-08-07","2020-08-13",6
"T92677.86","2020-07-23","2020-07-23","2020-07-29",6
"T92677.85","2020-07-23","2020-07-23","2020-07-29",6
"T92677.83","2020-07-20","2020-07-20","2020-07-26",6
"T92677.78","2020-07-13","2020-07-13","2020-07-19",6
"T92677.77","2020-07-07","2020-07-07","2020-07-13",6
"T92677.73","2020-06-17","2020-06-17","2020-06-23",6
"T92677.72","2020-06-15","2020-06-15","2020-06-21",6
"T92677.71","2020-06-09","2020-06-09","2020-06-25",16
"T92677.69","2020-06-04","2020-06-04","2020-06-10",6
"T92677.68","2020-06-04","2020-06-04","2020-06-10",6
"T92677.67","2020-05-26","2020-05-26","2020-07-11",46
"T92677.66","2020-05-22","2020-05-22","2020-07-23",62
"T92677.64","2020-05-22","2020-05-22","2020-05-28",6
"T86424.685","2020-09-10","2020-09-10","2020-09-14",4
"T86424.684","2020-09-10","2020-09-10","2020-09-14",4
"T131516.55","2020-08-05","2020-08-05","2020-08-09",4
"T86424.659","2020-09-01","2020-09-01","2020-09-05",4
"T86424.658","2020-09-01","2020-09-01","2020-09-05",4
"T86424.657","2020-09-01","2020-09-01","2020-09-05",4
"T92044.390","2020-08-13","2020-08-13","2020-08-17",4
"T92044.389","2020-08-13","2020-08-13","2020-08-17",4
"T92044.388","2020-08-13","2020-08-13","2020-08-17",4
"T92044.387","2020-08-12","2020-08-12","2020-08-16",4
"T92044.386","2020-08-12","2020-08-12","2020-08-16",4
"T92044.385","2020-08-12","2020-08-12","2020-08-16",4
"T92044.384","2020-08-12","2020-08-12","2020-08-16",4
"T92044.383","2020-08-12","2020-08-12","2020-08-16",4
"T92044.382","2020-08-12","2020-08-12","2020-08-16",4
"T92044.381","2020-08-12","2020-08-12","2020-08-16",4
"T92044.380","2020-08-12","2020-08-12","2020-08-16",4
"T92044.379","2020-08-12","2020-08-12","2020-08-16",4
"T92044.378","2020-08-12","2020-08-12","2020-08-16",4
"T92044.377","2020-08-12","2020-08-12","2020-08-16",4
"T92044.376","2020-08-12","2020-08-12","2020-08-16",4
"T92044.375","2020-08-12","2020-08-12","2020-08-16",4
"T92044.374","2020-08-12","2020-08-12","2020-08-16",4
"T92044.373","2020-08-12","2020-08-12","2020-08-16",4
"T92044.372","2020-08-12","2020-08-12","2020-08-16",4
"T92044.371","2020-08-12","2020-08-12","2020-08-16",4
"T92044.370","2020-08-12","2020-08-12","2020-08-16",4
"T92044.364","2020-08-07","2020-08-07","2020-08-11",4
"T92044.363","2020-08-07","2020-08-07","2020-08-11",4
"T92044.362","2020-08-07","2020-08-07","2020-08-11",4
"T92044.361","2020-08-07","2020-08-07","2020-08-11",4
"T92044.360","2020-08-07","2020-08-07","2020-08-11",4
"T92044.359","2020-08-07","2020-08-07","2020-08-11",4
"T92044.358","2020-08-07","2020-08-07","2020-08-11",4
"T92044.357","2020-08-07","2020-08-07","2020-08-11",4
"T92044.356","2020-08-07","2020-08-07","2020-08-11",4
"T92044.355","2020-08-07","2020-08-07","2020-08-11",4
"T92044.354","2020-08-07","2020-08-07","2020-08-11",4
"T92044.353","2020-08-07","2020-08-07","2020-08-11",4
"T92044.352","2020-08-07","2020-08-07","2020-08-11",4
"T92044.351","2020-08-07","2020-08-07","2020-08-11",4
"T92044.350","2020-08-07","2020-08-07","2020-08-11",4
"T92044.349","2020-08-07","2020-08-07","2020-08-11",4
"T92044.348","2020-08-07","2020-08-07","2020-08-11",4
"T92044.347","2020-08-07","2020-08-07","2020-08-11",4
"T92044.346","2020-08-07","2020-08-07","2020-08-11",4
"T92044.345","2020-08-07","2020-08-07","2020-08-11",4
"T92044.344","2020-08-07","2020-08-07","2020-08-11",4
"T92044.343","2020-08-07","2020-08-07","2020-08-11",4
"T131516.68","2020-08-07","2020-08-07","2020-08-11",4
"T131516.60","2020-08-05","2020-08-05","2020-08-09",4
"T131516.59","2020-08-05","2020-08-05","2020-08-09",4
"T131516.58","2020-08-05","2020-08-05","2020-08-09",4
"T131516.57","2020-08-05","2020-08-05","2020-08-09",4
"T131516.56","2020-08-05","2020-08-05","2020-08-09",4
"T131516.54","2020-08-05","2020-08-05","2020-08-09",4
"T131516.53","2020-08-05","2020-08-05","2020-08-09",4
"T131516.52","2020-08-05","2020-08-05","2020-08-09",4
"T131516.51","2020-08-05","2020-08-26","2020-08-09",-17
"T131516.50","2020-08-05","2020-08-05","2020-08-09",4
"T131516.49","2020-08-05","2020-08-05","2020-08-09",4
"T131516.48","2020-07-31","2020-07-31","2020-08-04",4
"T131516.47","2020-07-30","2020-09-14","2020-08-03",-42
"T131516.46","2020-07-30","2020-09-14","2020-08-03",-42
"T131516.45","2020-07-30","2020-07-30","2020-08-03",4
"T131516.44","2020-07-30","2020-07-30","2020-08-03",4
"T131516.43","2020-07-30","2020-07-30","2020-08-03",4
"T131516.42","2020-07-30","2020-09-14","2020-08-03",-42
"T131516.41","2020-07-30","2020-07-30","2020-08-03",4
"T131516.40","2020-07-30","2020-07-30","2020-08-03",4
"T114176.117","2020-07-24","2020-07-24","2020-07-28",4
"T92044.310","2020-07-13","2020-07-13","2020-07-17",4
"T92044.309","2020-07-13","2020-07-13","2020-07-17",4
"T1.22901300","2020-07-13","2020-07-13","2020-07-05",-8
"T1.22901299","2020-07-13","2020-07-13","2020-07-17",4
"T1.22901294","2020-07-13","2020-07-13","2020-07-17",4
"T92044.290","2020-06-26","2020-06-26","2020-06-30",4
"T92044.289","2020-06-26","2020-06-26","2020-06-30",4
"T92044.288","2020-06-26","2020-06-26","2020-06-30",4
"T92044.287","2020-06-26","2020-06-26","2020-06-30",4
"T92044.286","2020-06-26","2020-06-26","2020-06-30",4
"T92044.285","2020-06-26","2020-06-26","2020-06-30",4
"T92044.284","2020-06-26","2020-06-26","2020-06-30",4
"T92044.283","2020-06-26","2020-06-26","2020-06-30",4
"T92044.282","2020-06-26","2020-06-26","2020-06-30",4
"T92044.281","2020-06-26","2020-06-26","2020-06-30",4
"T92044.280","2020-06-26","2020-06-26","2020-06-30",4
"T92044.279","2020-06-26","2020-06-26","2020-06-30",4
"T92044.278","2020-06-26","2020-06-26","2020-06-30",4
"T92044.277","2020-06-26","2020-06-26","2020-06-30",4
"T92044.276","2020-06-26","2020-06-26","2020-06-30",4
"T92044.275","2020-06-26","2020-06-26","2020-06-30",4
"T132578.137","2020-08-06","2020-08-06","2020-08-12",6
"T86424.529","2020-06-24","2020-06-24","2020-06-28",4
"T86424.528","2020-06-24","2020-06-24","2020-06-28",4
"T132578.136","2020-08-06","2020-08-06","2020-08-12",6
"T92044.270","2020-06-11","2020-06-11","2020-06-15",4
"T92044.269","2020-06-08","2020-06-09","2020-06-12",3
"T92044.268","2020-06-08","2020-06-08","2020-06-12",4
"T92044.267","2020-06-08","2020-06-09","2020-06-12",3
"T92044.266","2020-06-08","2020-06-08","2020-06-12",4
"T92044.265","2020-06-03","2020-06-09","2020-06-07",-2
"T92044.263","2020-05-28","2020-06-04","2020-06-01",-3
"T92044.262","2020-05-28","2020-06-09","2020-06-01",-8
"T92044.261","2020-05-27","2020-05-27","2020-05-31",4
"T92044.260","2020-05-26","2020-05-26","2020-05-30",4
"T92044.259","2020-05-26","2020-05-26","2020-05-30",4
"T92044.258","2020-05-26","2020-05-26","2020-05-30",4
"T124251.105","2020-05-22","2020-05-22","2020-05-26",4
"T92044.255","2020-05-19","2020-05-19","2020-05-23",4
"T92044.254","2020-05-19","2020-05-19","2020-05-23",4
"T92044.253","2020-05-14","2020-05-14","2020-05-18",4
"T124251.100","2020-05-13","2020-05-13","2020-05-17",4
"T124251.92","2020-05-11","2020-05-21","2020-05-15",-6
"T124251.87","2020-05-11","2020-05-11","2020-05-15",4
"T124251.86","2020-05-11","2020-05-11","2020-05-15",4
"T124251.85","2020-05-11","2020-05-11","2020-05-15",4
"T124251.84","2020-05-11","2020-05-11","2020-05-15",4
"T124251.82","2020-05-11","2020-05-11","2020-05-15",4
"T124251.80","2020-05-11","2020-05-11","2020-05-15",4
"T109023.119","2020-05-11","2020-05-11","2020-05-15",4
"T109023.118","2020-05-11","2020-05-11","2020-05-15",4
"T109023.117","2020-05-11","2020-05-11","2020-05-15",4
"T109023.116","2020-05-11","2020-05-11","2020-05-15",4
"T109023.115","2020-05-11","2020-05-11","2020-05-15",4
"T109023.114","2020-05-11","2020-05-11","2020-05-15",4
"T109023.113","2020-05-11","2020-05-11","2020-05-15",4
"T109023.112","2020-05-11","2020-05-11","2020-05-15",4
"T109023.111","2020-05-11","2020-05-11","2020-05-15",4
"T109023.110","2020-05-11","2020-05-11","2020-05-15",4
"T109023.109","2020-05-11","2020-05-11","2020-05-15",4
"T109023.108","2020-05-11","2020-05-11","2020-05-15",4
"T109023.107","2020-05-11","2020-05-11","2020-05-15",4
"T109023.106","2020-05-11","2020-05-11","2020-05-15",4
"T109023.105","2020-05-11","2020-05-11","2020-05-15",4
"T109023.104","2020-05-11","2020-05-11","2020-05-15",4
"T109023.103","2020-05-11","2020-05-11","2020-05-15",4
"T109023.102","2020-05-11","2020-05-11","2020-05-15",4
"T109023.101","2020-05-11","2020-05-11","2020-05-15",4
"T109023.100","2020-05-11","2020-05-11","2020-05-15",4
"T86424.407","2020-05-08","2020-06-30","2020-05-12",-49
"T124251.75","2020-05-07","2020-05-21","2020-05-11",-10
"T124251.74","2020-05-07","2020-05-07","2020-05-11",4
"T124251.72","2020-05-07","2020-05-07","2020-05-11",4
"T124251.71","2020-05-07","2020-05-07","2020-05-11",4
"T86424.405","2020-05-07","2020-07-07","2020-05-11",-57
"T124251.63","2020-05-05","2020-05-05","2020-05-09",4
"T124251.62","2020-05-05","2020-05-05","2020-05-09",4
"T124251.60","2020-05-05","2020-05-05","2020-05-09",4
"T124251.59","2020-05-05","2020-05-05","2020-05-09",4
"T124251.58","2020-05-05","2020-05-05","2020-05-09",4
"T124251.57","2020-05-05","2020-05-05","2020-05-09",4
"T124251.55","2020-05-05","2020-05-05","2020-05-09",4
"T124251.52","2020-05-05","2020-05-05","2020-05-09",4
"T92044.248","2020-05-01","2020-05-01","2020-05-05",4
"T86424.393","2020-05-01","2020-05-08","2020-05-05",-3
"T92044.222","2020-05-01","2020-05-01","2020-05-05",4
"T92044.219","2020-05-01","2020-05-01","2020-05-05",4
"T92044.214","2020-05-01","2020-05-01","2020-05-05",4
"T124251.46","2020-04-30","2020-04-30","2020-05-04",4
"T124251.45","2020-04-30","2020-04-30","2020-05-04",4
"T124251.37","2020-04-27","2020-04-27","2020-05-01",4
"T124251.21","2020-04-27","2020-06-24","2020-05-01",-54
"T92044.209","2020-04-22","2020-06-09","2020-04-26",-44
"T92044.197","2020-04-21","2020-04-21","2020-04-30",9
"T92044.194","2020-04-21","2020-04-21","2020-04-25",4
"T92044.193","2020-04-21","2020-04-21","2020-04-25",4
"T92044.192","2020-04-21","2020-04-21","2020-04-30",9
"T92044.189","2020-04-21","2020-04-21","2020-04-25",4
"T92044.187","2020-04-21","2020-04-21","2020-04-25",4
"T92044.186","2020-04-21","2020-06-04","2020-04-25",-40
"T92044.184","2020-04-17","2020-04-17","2020-04-21",4
"T92044.183","2020-04-17","2020-06-09","2020-04-21",-49
"T92044.156","2020-04-10","2020-04-10","2020-04-14",4
"T92044.155","2020-04-09","2020-04-09","2020-04-13",4
"T92044.147","2020-04-03","2020-04-03","2020-04-07",4
"T92044.148","2020-04-03","2020-04-03","2020-04-07",4
"T92044.146","2020-04-03","2020-06-09","2020-04-07",-63
"T92044.145","2020-04-03","2020-06-09","2020-04-09",-61
"T92044.144","2020-04-03","2020-06-09","2020-04-07",-63
"T92044.143","2020-04-03","2020-06-09","2020-04-09",-61
"T92044.141","2020-04-03","2020-06-09","2020-04-07",-63
"T92044.140","2020-04-03","2020-06-09","2020-04-09",-61
"T92044.138","2020-04-03","2020-06-09","2020-04-09",-61
"T92044.137","2020-04-03","2020-06-09","2020-04-09",-61
"T92044.135","2020-03-27","2020-03-27","2020-04-09",13
"T92044.134","2020-03-27","2020-03-27","2020-04-09",13
"T92044.128","2020-03-23","2020-03-23","2020-04-05",13
"T92044.127","2020-03-23","2020-03-23","2020-03-28",5
"T92044.126","2020-03-23","2020-03-23","2020-03-28",5
"T86424.319","2020-03-20","2020-04-23","2020-05-07",14
"T86424.318","2020-03-20","2020-04-23","2020-04-07",-16
"T86424.317","2020-03-20","2020-04-17","2020-04-07",-10
"T86424.316","2020-03-20","2020-04-14","2020-04-08",-6
"T86424.315","2020-03-20","2020-04-15","2020-04-03",-12
"T86424.314","2020-03-20","2020-04-15","2020-04-03",-12
"T86424.313","2020-03-20","2020-04-30","2020-03-25",-36
"T86424.312","2020-03-20","2020-05-01","2020-04-02",-29
"T86424.311","2020-03-20","2020-05-01","2020-03-25",-37
"T86424.310","2020-03-20","2020-04-28","2020-04-03",-25
"T86424.309","2020-03-20","2020-04-21","2020-04-02",-19
"T86424.308","2020-03-20","2020-05-08","2020-04-02",-36
"T92044.120","2020-03-13","2020-03-13","2020-03-27",14
"T132578.135","2020-08-06","2020-08-06","2020-08-12",6
"T86424.232","2020-02-21","2020-02-21","2020-02-26",5
"T132578.134","2020-08-06","2020-08-06","2020-08-12",6
"T132578.133","2020-08-06","2020-08-06","2020-08-12",6
"T127607.116","2020-09-09","2020-09-09","2020-09-15",6
"T132578.279","2020-09-04","2020-09-04","2020-09-10",6
"T132578.278","2020-09-04","2020-09-04","2020-09-10",6
"T132578.277","2020-09-04","2020-09-04","2020-09-10",6
"T132578.276","2020-09-04","2020-09-04","2020-09-10",6
"T132578.275","2020-09-04","2020-09-04","2020-09-10",6
"T132578.274","2020-09-04","2020-09-04","2020-09-10",6
"T132578.273","2020-09-04","2020-09-04","2020-09-10",6
"T132578.272","2020-09-04","2020-09-04","2020-09-10",6
"T132578.271","2020-09-04","2020-09-04","2020-09-10",6
"T132578.270","2020-09-04","2020-09-04","2020-09-10",6
"T132578.269","2020-09-04","2020-09-04","2020-09-10",6
"T132578.268","2020-09-04","2020-09-04","2020-09-10",6
"T132578.267","2020-09-04","2020-09-04","2020-09-10",6
"T132578.266","2020-09-04","2020-09-04","2020-09-10",6
"T132578.265","2020-09-04","2020-09-04","2020-09-10",6
"T132578.264","2020-09-04","2020-09-04","2020-09-10",6
"T132578.263","2020-09-04","2020-09-04","2020-09-10",6
"T132578.262","2020-09-04","2020-09-04","2020-09-10",6
"T132578.261","2020-09-04","2020-09-04","2020-09-10",6
"T132578.260","2020-09-04","2020-09-04","2020-09-10",6
"T132578.259","2020-09-04","2020-09-04","2020-09-10",6
"T132578.258","2020-09-04","2020-09-04","2020-09-10",6
"T132578.257","2020-09-04","2020-09-04","2020-09-10",6
"T132607.74","2020-08-27","2020-08-27","2020-09-02",6
"T132607.73","2020-08-27","2020-08-27","2020-09-02",6
"T132578.216","2020-08-26","2020-08-26","2020-09-01",6
"T132578.215","2020-08-26","2020-08-26","2020-09-01",6
"T132578.212","2020-08-25","2020-08-25","2020-08-31",6
"T132578.211","2020-08-24","2020-08-24","2020-08-30",6
"T132578.210","2020-08-24","2020-08-24","2020-08-30",6
"T132578.209","2020-08-24","2020-08-24","2020-08-30",6
"T132578.208","2020-08-24","2020-08-24","2020-08-30",6
"T132578.207","2020-08-24","2020-08-24","2020-08-30",6
"T132578.206","2020-08-24","2020-08-24","2020-08-30",6
"T132578.205","2020-08-24","2020-08-24","2020-08-30",6
"T132578.204","2020-08-24","2020-08-24","2020-08-30",6
"T132578.203","2020-08-24","2020-08-24","2020-08-30",6
"T132578.202","2020-08-24","2020-08-24","2020-08-30",6
"T132578.201","2020-08-24","2020-08-24","2020-08-30",6
"T132578.200","2020-08-24","2020-08-24","2020-08-30",6
"T132578.199","2020-08-24","2020-08-24","2020-08-30",6
"T132578.198","2020-08-24","2020-08-24","2020-08-30",6
"T132578.197","2020-08-24","2020-08-24","2020-08-30",6
"T132578.196","2020-08-24","2020-08-24","2020-08-30",6
"T132578.195","2020-08-24","2020-08-24","2020-08-30",6
"T132578.194","2020-08-24","2020-08-24","2020-08-30",6
"T132578.193","2020-08-24","2020-08-24","2020-08-30",6
"T132578.192","2020-08-24","2020-08-24","2020-08-30",6
"T132578.191","2020-08-24","2020-08-24","2020-08-30",6
"T132578.190","2020-08-24","2020-08-24","2020-08-30",6
"T132578.189","2020-08-24","2020-08-24","2020-08-30",6
"T132578.188","2020-08-21","2020-08-21","2020-08-27",6
"T132578.187","2020-08-21","2020-08-21","2020-08-27",6
"T132578.186","2020-08-21","2020-08-21","2020-08-27",6
"T132578.185","2020-08-21","2020-08-21","2020-08-27",6
"T132578.180","2020-08-19","2020-08-19","2020-08-25",6
"T132578.179","2020-08-19","2020-08-19","2020-08-25",6
"T132578.178","2020-08-19","2020-08-19","2020-08-25",6
"T132578.177","2020-08-19","2020-08-19","2020-08-25",6
"T132578.176","2020-08-19","2020-08-19","2020-08-25",6
"T132578.175","2020-08-19","2020-08-19","2020-08-25",6
"T132578.174","2020-08-19","2020-08-19","2020-08-25",6
"T132578.173","2020-08-19","2020-08-19","2020-08-25",6
"T132578.172","2020-08-19","2020-08-19","2020-08-25",6
"T132578.171","2020-08-19","2020-08-19","2020-08-25",6
"T132578.170","2020-08-19","2020-08-19","2020-08-25",6
"T132578.169","2020-08-19","2020-08-19","2020-08-25",6
"T132578.168","2020-08-19","2020-08-19","2020-08-25",6
"T1.23584182","2020-08-14","2020-08-14","2020-08-20",6
"T132607.56","2020-08-13","2020-08-13","2020-08-19",6
"T132578.157","2020-08-11","2020-08-11","2020-08-17",6
"T132578.154","2020-08-08","2020-08-08","2020-08-14",6
"T127607.97","2020-08-06","2020-08-06","2020-08-12",6
"T132607.44","2020-07-30","2020-07-30","2020-08-05",6
"T132607.43","2020-07-30","2020-08-21","2020-08-05",-16
"T132607.42","2020-07-30","2020-07-30","2020-08-05",6
"T127607.91","2020-07-27","2020-07-27","2020-08-02",6
"T127607.82","2020-07-27","2020-08-04","2020-08-02",-2
"T127607.80","2020-07-27","2020-09-13","2020-08-02",-42
"T132578.119","2020-07-27","2020-07-27","2020-08-02",6
"T132578.118","2020-07-27","2020-07-27","2020-08-02",6
"T127607.79","2020-07-27","2020-07-27","2020-08-02",6
"T132578.115","2020-07-27","2020-07-27","2020-08-02",6
"T132578.114","2020-07-27","2020-07-27","2020-08-02",6
"T132578.113","2020-07-27","2020-07-27","2020-08-02",6
"T132578.112","2020-07-27","2020-07-27","2020-08-02",6
"T132578.111","2020-07-27","2020-07-27","2020-08-02",6
"T132578.110","2020-07-27","2020-07-27","2020-08-02",6
"T132578.109","2020-07-27","2020-07-27","2020-08-02",6
"T132578.108","2020-07-27","2020-07-27","2020-08-02",6
"T132578.107","2020-07-27","2020-07-27","2020-08-02",6
"T132578.106","2020-07-27","2020-07-27","2020-08-02",6
"T132578.105","2020-07-27","2020-07-27","2020-08-02",6
"T132578.104","2020-07-27","2020-07-27","2020-08-02",6
"T132578.103","2020-07-27","2020-07-27","2020-08-02",6
"T132578.102","2020-07-27","2020-07-27","2020-08-02",6
"T132578.101","2020-07-27","2020-07-27","2020-08-02",6
"T132578.100","2020-07-27","2020-07-27","2020-08-02",6
"T132578.99","2020-07-27","2020-07-27","2020-08-02",6
"T132578.98","2020-07-27","2020-07-27","2020-08-02",6
"T132578.97","2020-07-27","2020-07-27","2020-08-02",6
"T132578.96","2020-07-24","2020-07-24","2020-07-30",6
"T132578.94","2020-07-22","2020-07-22","2020-07-28",6
"T132578.93","2020-07-22","2020-07-22","2020-07-28",6
"T132578.92","2020-07-22","2020-07-22","2020-07-28",6
"T132578.91","2020-07-22","2020-07-22","2020-07-28",6
"T132578.90","2020-07-22","2020-07-22","2020-07-28",6
"T132578.89","2020-07-22","2020-07-22","2020-07-28",6
"T132578.88","2020-07-22","2020-07-22","2020-07-28",6
"T127607.75","2020-07-21","2020-07-21","2020-07-27",6
"T132578.85","2020-07-21","2020-07-21","2020-07-27",6
"T132578.84","2020-07-21","2020-07-21","2020-07-27",6
"T132578.83","2020-07-21","2020-07-21","2020-07-27",6
"T132578.82","2020-07-21","2020-07-21","2020-07-27",6
"T132578.81","2020-07-21","2020-07-21","2020-07-27",6
"T132578.80","2020-07-21","2020-07-21","2020-07-27",6
"T132578.79","2020-07-21","2020-07-21","2020-07-27",6
"T132578.78","2020-07-21","2020-07-21","2020-07-27",6
"T132578.77","2020-07-21","2020-07-21","2020-07-27",6
"T132578.76","2020-07-21","2020-07-21","2020-07-27",6
"T132578.75","2020-07-21","2020-07-21","2020-07-27",6
"T132578.74","2020-07-21","2020-07-21","2020-07-27",6
"T127607.74","2020-07-20","2020-07-20","2020-07-26",6
"T132578.68","2020-07-17","2020-07-17","2020-07-23",6
"T132607.31","2020-07-16","2020-07-17","2020-07-22",5
"T132607.30","2020-07-16","2020-08-21","2020-07-22",-30
"T132578.57","2020-07-14","2020-07-14","2020-07-20",6
"T1.22886027","2020-07-10","2020-08-14","2020-07-16",-29
"T1.22885897","2020-07-10","2020-07-29","2020-07-16",-13
"T132578.50","2020-07-08","2020-07-08","2020-07-14",6
"T132578.49","2020-07-08","2020-07-08","2020-07-14",6
"T132578.48","2020-07-08","2020-07-08","2020-07-14",6
"T132578.47","2020-07-08","2020-07-09","2020-07-14",5
"T1.22731764","2020-07-08","2020-07-08","2020-07-09",1
"T132607.13","2020-07-03","2020-07-17","2020-07-09",-8
"T132607.12","2020-07-03","2020-07-17","2020-07-09",-8
"T132607.10","2020-07-03","2020-07-17","2020-07-09",-8
"T132607.9","2020-07-03","2020-07-17","2020-07-09",-8
"T132578.30","2020-06-29","2020-06-29","2020-07-05",6
"T132578.29","2020-06-29","2020-06-29","2020-07-05",6
"T132578.28","2020-06-29","2020-06-29","2020-07-05",6
"T132578.27","2020-06-29","2020-06-29","2020-07-05",6
"T132578.26","2020-06-29","2020-06-29","2020-07-05",6
"T132578.25","2020-06-29","2020-06-29","2020-07-05",6
"T127607.52","2020-06-26","2020-06-26","2020-07-03",7
"T132578.24","2020-06-23","2020-06-23","2020-06-29",6
"T132578.20","2020-06-19","2020-06-19","2020-06-25",6
"T132578.15","2020-06-17","2020-07-17","2020-06-23",-24
"T132578.14","2020-06-17","2020-07-17","2020-06-23",-24
"T132578.13","2020-06-17","2020-06-19","2020-06-23",4
"T132578.12","2020-06-17","2020-06-17","2020-06-23",6
"T132578.11","2020-06-17","2020-07-17","2020-06-23",-24
"T132578.10","2020-06-17","2020-07-17","2020-06-23",-24
"T132578.9","2020-06-17","2020-06-17","2020-06-23",6
"T132578.8","2020-06-17","2020-07-17","2020-06-23",-24
"T132578.7","2020-06-17","2020-07-17","2020-06-23",-24
"T132578.6","2020-06-17","2020-07-17","2020-06-23",-24
"T132578.5","2020-06-17","2020-07-17","2020-06-23",-24
"T132578.4","2020-06-17","2020-09-01","2020-06-23",-70
"T132578.3","2020-06-17","2020-07-17","2020-06-23",-24
"T132578.2","2020-06-17","2020-07-17","2020-06-23",-24
"T132578.1","2020-06-17","2020-07-17","2020-06-23",-24
"T125961.34","2020-06-09","2020-06-09","2020-06-15",6
"T127607.17","2020-06-05","2020-07-01","2020-06-07",-24
"T127607.16","2020-06-05","2020-06-16","2020-06-11",-5
"T103673.28","2020-01-16","2020-06-16","2020-01-23",-145
"T1.21415761","2020-03-13","2020-03-13","2020-03-20",7
"T103675.40","2020-03-11","2020-06-16","2020-03-11",-97
"T103675.39","2020-03-10","2020-06-16","2020-03-17",-91
"T103675.30","2020-03-02","2020-06-16","2020-03-03",-105
"T103675.28","2020-03-02","2020-06-16","2020-03-09",-99
"T103675.26","2020-02-27","2020-06-16","2020-02-27",-110
"T103675.19","2020-02-21","2020-06-16","2020-02-24",-113
"T103675.18","2020-02-21","2020-06-16","2020-02-23",-114
"T103675.17","2020-02-19","2020-06-16","2020-02-26",-111
"T103675.11","2020-02-13","2020-06-16","2020-02-17",-120
"T103675.10","2020-02-12","2020-06-16","2020-02-19",-118
"T103675.9","2020-02-12","2020-06-16","2020-02-19",-118
"T103675.8","2020-02-12","2020-06-16","2020-02-19",-118
"T103675.7","2020-02-10","2020-06-16","2020-02-17",-120
"T103675.6","2020-02-08","2020-06-16","2020-02-15",-122
"T103673.50","2020-01-27","2020-06-16","2020-02-05",-132
"T103673.49","2020-01-27","2020-06-16","2020-01-28",-140
"T103673.48","2020-01-24","2020-06-16","2020-02-03",-134
"T103673.37","2020-01-23","2020-06-16","2020-01-24",-144
"T103673.36","2020-01-23","2020-06-16","2020-01-23",-145
"T103673.34","2020-01-22","2020-06-16","2020-01-22",-146
"T103673.33","2020-01-21","2020-04-29","2020-01-21",-99
"T103673.32","2020-01-17","2020-06-16","2020-01-28",-140
"T103673.31","2020-01-17","2020-06-16","2020-01-24",-144
"T103673.29","2020-01-16","2020-06-16","2020-01-23",-145
"T103673.27","2020-01-16","2020-06-16","2020-01-23",-145
"T103673.26","2020-01-16","2020-06-16","2020-01-23",-145
"T103673.25","2020-01-16","2020-06-16","2020-01-23",-145
"T103673.23","2020-01-15","2020-06-16","2020-01-22",-146
"T103673.22","2020-01-15","2020-06-16","2020-01-22",-146
"T103673.21","2020-01-15","2020-06-16","2020-01-22",-146
"T103673.20","2020-01-15","2020-06-16","2020-01-22",-146
"T103672.65","2020-01-14","2020-06-16","2020-01-21",-147
"T121362.73","2020-07-06","2020-07-07","2020-07-12",5
"T1.23821439","2020-09-07","2020-09-07","2020-09-13",6
"T1.23821204","2020-09-07","2020-09-07","2020-09-13",6
"T1.23821203","2020-09-07","2020-09-07","2020-09-13",6
"T121362.190","2020-09-04","2020-09-04","2020-09-10",6
"T121362.189","2020-09-04","2020-09-04","2020-09-10",6
"T121362.184","2020-09-04","2020-09-04","2020-09-10",6
"T121362.183","2020-09-04","2020-09-04","2020-09-10",6
"T121362.182","2020-09-04","2020-09-04","2020-09-10",6
"T121362.181","2020-09-04","2020-09-04","2020-09-10",6
"T121362.178","2020-09-04","2020-09-04","2020-09-10",6
"T1.23744620","2020-09-03","2020-09-03","2020-09-09",6
"T121354.145","2020-09-03","2020-09-03","2020-09-09",6
"T121354.144","2020-09-03","2020-09-07","2020-09-09",2
"T121354.142","2020-09-03","2020-09-03","2020-09-09",6
"T121354.140","2020-09-03","2020-09-03","2020-09-09",6
"T121354.138","2020-09-03","2020-09-03","2020-09-09",6
"T121354.137","2020-09-03","2020-09-03","2020-09-09",6
"T121354.135","2020-09-03","2020-09-07","2020-09-09",2
"T1.23736904","2020-09-03","2020-09-03","2020-09-09",6
"T121360.57","2020-09-01","2020-09-01","2020-09-07",6
"T121360.51","2020-09-01","2020-09-01","2020-09-07",6
"T121360.49","2020-09-01","2020-09-01","2020-09-07",6
"T121360.45","2020-09-01","2020-09-01","2020-09-07",6
"T121354.131","2020-08-28","2020-09-07","2020-09-03",-4
"T121354.128","2020-08-28","2020-09-07","2020-09-03",-4
"T121354.127","2020-08-28","2020-08-28","2020-09-03",6
"T121362.175","2020-08-28","2020-09-03","2020-09-03",0
"T121354.126","2020-08-28","2020-09-07","2020-09-03",-4
"T121362.72","2020-07-06","2020-07-07","2020-07-12",5
"T121354.125","2020-08-28","2020-08-28","2020-09-03",6
"T121362.174","2020-08-28","2020-08-28","2020-09-03",6
"T121362.173","2020-08-28","2020-08-28","2020-09-03",6
"T121354.124","2020-08-28","2020-08-28","2020-09-03",6
"T1.23686221","2020-08-28","2020-08-28","2020-09-03",6
"T1.23678958","2020-08-27","2020-08-27","2020-09-02",6
"T1.23678906","2020-08-27","2020-08-27","2020-09-02",6
"T1.23678905","2020-08-27","2020-08-27","2020-09-02",6
"T1.23678902","2020-08-27","2020-08-27","2020-09-02",6
"T121362.170","2020-08-26","2020-08-26","2020-09-01",6
"T121362.168","2020-08-26","2020-08-28","2020-09-01",4
"T121362.167","2020-08-26","2020-08-28","2020-09-01",4
"T121362.165","2020-08-26","2020-08-28","2020-09-01",4
"T121362.163","2020-08-26","2020-08-26","2020-09-01",6
"T121362.162","2020-08-26","2020-08-26","2020-09-01",6
"T121362.160","2020-08-26","2020-08-26","2020-09-01",6
"T121362.159","2020-08-26","2020-08-28","2020-09-01",4
"T121362.158","2020-08-26","2020-09-07","2020-09-01",-6
"T121362.157","2020-08-26","2020-09-07","2020-09-01",-6
"T121362.154","2020-08-21","2020-08-28","2020-08-27",-1
"T121362.152","2020-08-21","2020-08-21","2020-08-27",6
"T121362.150","2020-08-21","2020-08-21","2020-08-27",6
"T121362.147","2020-08-21","2020-08-28","2020-08-27",-1
"T121362.146","2020-08-21","2020-08-28","2020-08-27",-1
"T121362.145","2020-08-21","2020-08-21","2020-08-27",6
"T121354.123","2020-08-21","2020-08-28","2020-08-27",-1
"T121354.122","2020-08-21","2020-08-21","2020-08-27",6
"T121354.121","2020-08-21","2020-08-21","2020-08-27",6
"T121354.120","2020-08-21","2020-09-07","2020-08-27",-11
"T121354.119","2020-08-21","2020-08-21","2020-08-27",6
"T121354.117","2020-08-21","2020-08-21","2020-08-27",6
"T121354.116","2020-08-21","2020-09-07","2020-08-27",-11
"T121354.115","2020-08-21","2020-08-21","2020-08-27",6
"T121354.114","2020-08-21","2020-08-28","2020-08-27",-1
"T121354.113","2020-08-21","2020-08-27","2020-08-27",0
"T121354.112","2020-08-21","2020-08-28","2020-08-27",-1
"T121362.71","2020-07-06","2020-07-07","2020-07-12",5
"T121362.142","2020-08-17","2020-09-07","2020-08-23",-15
"T121362.141","2020-08-17","2020-08-28","2020-08-23",-5
"T121362.138","2020-08-17","2020-09-03","2020-08-23",-11
"T121362.132","2020-08-17","2020-08-17","2020-08-23",6
"T121362.131","2020-08-17","2020-08-17","2020-08-23",6
"T1.23582402","2020-08-13","2020-08-13","2020-08-19",6
"T1.23582401","2020-08-13","2020-08-13","2020-08-19",6
"T121356.39","2020-08-13","2020-08-27","2020-08-19",-8
"T121356.36","2020-08-13","2020-08-28","2020-08-19",-9
"T121356.35","2020-08-13","2020-08-28","2020-08-19",-9
"T121356.32","2020-08-13","2020-08-27","2020-08-19",-8
"T121356.31","2020-08-13","2020-08-27","2020-08-19",-8
"T121356.29","2020-08-13","2020-08-27","2020-08-19",-8
"T121362.126","2020-08-11","2020-08-28","2020-08-17",-11
"T121362.125","2020-08-11","2020-08-28","2020-08-17",-11
"T121362.124","2020-08-11","2020-08-11","2020-08-17",6
"T121362.123","2020-08-11","2020-08-11","2020-08-17",6
"T121362.122","2020-08-11","2020-08-11","2020-08-17",6
"T121362.121","2020-08-11","2020-09-01","2020-08-17",-15
"T1.23504269","2020-08-11","2020-08-11","2020-08-17",6
"T121360.44","2020-08-10","2020-08-10","2020-08-16",6
"T121360.42","2020-08-10","2020-08-10","2020-08-16",6
"T121360.39","2020-08-10","2020-09-01","2020-08-16",-16
"T121360.37","2020-08-10","2020-09-01","2020-08-16",-16
"T121360.33","2020-08-10","2020-08-10","2020-08-16",6
"T121362.119","2020-08-06","2020-08-28","2020-08-12",-16
"T121362.118","2020-08-06","2020-08-06","2020-08-12",6
"T121362.117","2020-08-06","2020-08-06","2020-08-12",6
"T121362.116","2020-08-06","2020-09-03","2020-08-12",-22
"T121362.115","2020-08-06","2020-09-07","2020-08-12",-26
"T121362.114","2020-08-06","2020-08-06","2020-08-12",6
"T121362.113","2020-08-06","2020-08-28","2020-08-12",-16
"T121362.111","2020-08-06","2020-08-28","2020-08-12",-16
"T121362.110","2020-08-06","2020-08-28","2020-08-12",-16
"T121362.106","2020-08-06","2020-09-03","2020-08-12",-22
"T121362.105","2020-08-06","2020-09-03","2020-08-12",-22
"T121356.22","2020-08-06","2020-08-27","2020-08-12",-15
"T121356.21","2020-08-06","2020-08-27","2020-08-12",-15
"T121356.20","2020-08-06","2020-08-27","2020-08-12",-15
"T121356.17","2020-08-06","2020-08-27","2020-08-12",-15
"T121356.15","2020-08-06","2020-09-07","2020-08-12",-26
"T122846.68","2020-08-05","2020-08-05","2020-08-11",6
"T122846.67","2020-08-05","2020-08-05","2020-08-11",6
"T121356.13","2020-07-31","2020-07-31","2020-08-06",6
"T121356.12","2020-07-31","2020-07-31","2020-08-06",6
"T121356.11","2020-07-31","2020-07-31","2020-08-06",6
"T121356.10","2020-07-31","2020-07-31","2020-08-06",6
"T121356.9","2020-07-30","2020-07-30","2020-08-05",6
"T121356.8","2020-07-30","2020-07-30","2020-08-05",6
"T121356.7","2020-07-30","2020-07-31","2020-08-05",5
"T121356.6","2020-07-30","2020-07-30","2020-08-05",6
"T121356.4","2020-07-30","2020-08-27","2020-08-05",-22
"T121356.3","2020-07-30","2020-09-07","2020-08-05",-33
"T1.23246329","2020-07-29","2020-08-07","2020-08-04",-3
"T1.23246156","2020-07-29","2020-07-29","2020-08-04",6
"T1.23245849","2020-07-29","2020-07-29","2020-08-04",6
"T121362.103","2020-07-28","2020-07-29","2020-08-03",5
"T121362.97","2020-07-28","2020-07-28","2020-08-03",6
"T1.23173537","2020-07-24","2020-07-24","2020-07-30",6
"T121354.105","2020-07-24","2020-07-24","2020-07-30",6
"T121354.102","2020-07-24","2020-07-31","2020-07-30",-1
"T121354.101","2020-07-24","2020-07-31","2020-07-30",-1
"T121354.99","2020-07-24","2020-07-29","2020-07-30",1
"T121354.98","2020-07-24","2020-07-24","2020-07-30",6
"T121362.94","2020-07-23","2020-07-23","2020-07-29",6
"T121362.88","2020-07-23","2020-08-28","2020-07-29",-30
"T121362.87","2020-07-23","2020-08-28","2020-07-29",-30
"T121362.86","2020-07-23","2020-08-28","2020-07-29",-30
"T121362.85","2020-07-23","2020-08-28","2020-07-29",-30
"T121362.84","2020-07-23","2020-08-28","2020-07-29",-30
"T121362.83","2020-07-23","2020-08-28","2020-07-29",-30
"T121362.82","2020-07-23","2020-08-28","2020-07-29",-30
"T121362.80","2020-07-23","2020-08-28","2020-07-29",-30
"T121362.79","2020-07-23","2020-08-28","2020-07-29",-30
"T121362.78","2020-07-23","2020-08-28","2020-07-29",-30
"T121362.77","2020-07-23","2020-08-28","2020-07-29",-30
"T121362.76","2020-07-23","2020-08-28","2020-07-29",-30
"T121362.75","2020-07-23","2020-08-28","2020-07-29",-30
"T121362.74","2020-07-23","2020-08-28","2020-07-29",-30
"T1.23160694","2020-07-23","2020-07-23","2020-07-29",6
"T1.23160557","2020-07-23","2020-07-23","2020-07-29",6
"T1.23160462","2020-07-23","2020-07-23","2020-07-29",6
"T1.23160461","2020-07-23","2020-07-23","2020-07-29",6
"T1.23160446","2020-07-23","2020-07-23","2020-07-29",6
"T1.23160370","2020-07-23","2020-07-23","2020-07-29",6
"T121354.93","2020-07-17","2020-07-17","2020-07-23",6
"T121354.92","2020-07-17","2020-07-17","2020-07-23",6
"T121354.89","2020-07-17","2020-07-17","2020-07-23",6
"T121360.29","2020-07-14","2020-07-24","2020-07-20",-4
"T121360.27","2020-07-14","2020-07-14","2020-07-20",6
"T121360.26","2020-07-14","2020-07-24","2020-07-20",-4
"T121360.23","2020-07-14","2020-07-24","2020-07-20",-4
"T1.22893363","2020-07-10","2020-07-20","2020-07-16",-4
"T1.22893361","2020-07-10","2020-07-20","2020-07-16",-4
"T121354.83","2020-07-09","2020-07-09","2020-07-15",6
"T121354.76","2020-06-29","2020-07-31","2020-07-05",-26
"T121354.73","2020-06-29","2020-06-29","2020-07-05",6
"T121354.67","2020-06-29","2020-06-29","2020-07-05",6
"T121362.65","2020-06-26","2020-07-09","2020-07-02",-7
"T121362.63","2020-06-26","2020-07-20","2020-07-02",-18
"T132838.3","2020-06-22","2020-06-22","2020-06-28",6
"T132838.2","2020-06-22","2020-06-22","2020-06-28",6
"T132838.1","2020-06-22","2020-06-22","2020-06-28",6
"T121354.64","2020-06-19","2020-08-28","2020-06-25",-64
"T121354.62","2020-06-19","2020-06-19","2020-06-25",6
"T121354.61","2020-06-19","2020-06-19","2020-06-25",6
"T121354.60","2020-06-19","2020-06-19","2020-06-25",6
"T121354.58","2020-06-19","2020-06-19","2020-06-25",6
"T121360.16","2020-06-11","2020-08-28","2020-06-17",-72
"T121360.13","2020-06-11","2020-07-07","2020-06-17",-20
"T121354.47","2020-06-10","2020-06-10","2020-06-16",6
"T121354.46","2020-06-10","2020-07-31","2020-06-16",-45
"T121354.45","2020-06-10","2020-06-10","2020-06-16",6
"T121354.44","2020-06-10","2020-06-10","2020-06-16",6
"T121354.43","2020-06-10","2020-06-10","2020-06-16",6
"T121354.42","2020-06-10","2020-06-10","2020-06-16",6
"T121354.41","2020-06-10","2020-06-10","2020-06-16",6
"T121362.9","2020-05-25","2020-06-24","2020-05-31",-24
"T121362.8","2020-05-25","2020-06-24","2020-05-31",-24
"T121362.7","2020-05-25","2020-06-24","2020-05-31",-24
"T121362.6","2020-05-25","2020-06-24","2020-05-31",-24
"T121362.4","2020-05-25","2020-06-24","2020-05-31",-24
"T121362.3","2020-05-25","2020-06-24","2020-05-31",-24
"T121362.2","2020-05-25","2020-06-24","2020-05-31",-24
"T121362.1","2020-05-25","2020-06-24","2020-05-31",-24
"T135787.27","2020-08-05","2020-08-05","2020-08-11",6
